[
    {   "sede": "Principal",
        "cod":  "107",
        "ciudad": "Zarzal Valle",
        "region": "Central",
        "latlng": { 
            "lat": 4.394313,  
            "lng": -76.074567
        },
        "zoom": 16,
        "web": "",
        "dir": "calle 7 No 11-46 B. La Delfina",
        "tel": "(2) 220 6628"
    },{
        "sede": "Principal",
        "cod":  "101",
        "ciudad": "Armenia Quindío",
        "region": "Central",
        "latlng": { 
            "lat": 4.549861299510984,    
            "lng": -75.66729951139223 
        },
        "zoom": 16,
        "web": "",
        "dir": "Calle 9 Norte No 19-00",
        "tel": "(6) 746 6119"
    },{
        "sede": "Bethel",
        "cod":  "102",
        "ciudad": "Armenia Quindío",
        "region": "Central",
        "latlng": { 
            "lat": 4.540621,
            "lng": -75.673548
        },
        "zoom": 16,
        "web": "",
        "dir": "Calle 13 # 22 - 20 B. Los Alamos",
        "tel": ""
    },{
        "sede": "Belén",
        "cod":  "103",
        "ciudad": "Armenia Quindío",
        "region": "Central",
        "latlng": { 
            "lat": 4.527979999999999, 
            "lng": -75.68835999999999 
        },
        "zoom": 16,
        "web": "",
        "dir": "Manzana C casa 17 B. Belén",
        "tel": "(6) 748 2750"
    },{
        "sede": "Principal",
        "cod":  "111",
        "ciudad": "Génova Quindío",
        "region": "Central",
        "latlng": { 
            "lat": 4.206008693150504,
            "lng": -75.78918924865724 
        },
        "zoom": 16,
        "web": "",
        "dir": "Carrera 10 No 18-61",
        "tel": ""
    },{
        "sede": "Principal",
        "cod":  "105",
        "ciudad": "Calarcá Quindío",
        "region": "Central",
        "latlng": { 
            "lat": 4.526387652910867,
            "lng": -75.64200171562197
        },
        "zoom": 16,
        "web": "",
        "dir": "Calle 33 No 24-41",
        "tel": ""
    },{
        "sede": "Principal",
        "cod":  "106",
        "ciudad": "La Tebaida, Quindío",
        "region": "Central",
        "latlng": { 
            "lat": 4.454031181967473, 
            "lng": -75.78688854232786 
        },
        "zoom": 16,
        "web": "https://www.facebook.com/AlianzaTebaida",
        "dir": "Carrera 6 No 8-43",
        "tel": "(6) 754 2103"
    },{
        "sede": "Principal",
        "cod":  "113",
        "ciudad": "Córdoba, Quindío",
        "region": "Central",
        "latlng": { 
            "lat": 4.390151021924638, 
            "lng": -75.68693879728391
        },
        "zoom": 16,
        "web": "",
        "dir": "Carrera 11 No 11-31 B. Centro",
        "tel": ""
    },{
        "sede": "Principal",
        "cod":  "114",
        "ciudad": "Barcelona, Quindío",
        "region": "Central",
        "latlng": { 
            "lat": 4.43159, 
            "lng": -75.7241900000
        },
        "zoom": 16,
        "web": "",
        "dir": "Carrera 13 No 10-62",
        "tel": ""
    },{
        "sede": "Principal",
        "cod":  "115",
        "ciudad": "Circasia, Quindío",
        "region": "Central",
        "latlng": { 
            "lat": 4.615896729679342, 
            "lng": -75.63382682645874
        },
        "zoom": 16,
        "web": "",
        "dir": "Calle 5 No 5-58",
        "tel": ""
    },{
        "sede": "Principal",
        "cod":  "116",
        "ciudad": "Salento, Quindío",
        "region": "Central",
        "latlng": { 
            "lat": 4.638336702631756, 
            "lng": -75.57031833862305
        },
        "zoom": 16,
        "web": "",
        "dir": "Carrera 5 No 5-09",
        "tel": ""
    },{
        "sede": "Principal",
        "cod":  "118",
        "ciudad": "Quimbaya, Quindío",
        "region": "Central",
        "latlng": { 
            "lat": 4.623250248045168, 
            "lng": -75.76644719314572
        },
        "zoom": 16,
        "web": "",
        "dir": "Carrera 6 No 20-12",
        "tel": "(6) 752 0468"
    },{
        "sede": "Principal",
        "cod":  "119",
        "ciudad": "Montenegro, Quindío",
        "region": "Central",
        "latlng": { 
            "lat": 4.566614763946695, 
            "lng": -75.75165172485345
        },
        "zoom": 16,
        "web": "",
        "dir": "Carrera 7 No 18-24",
        "tel": "(6) 753 8460-5895"
    },{
        "sede": "Encuentro de Vida",
        "cod":  "128",
        "ciudad": "Armenia Quindío",
        "region": "Central",
        "latlng": { 
            "lat": 4.54892723644829,
            "lng": -75.66025183853151
        },
        "zoom": 16,
        "web": "http://www.elencuentrodevida.org/web/",
        "dir": "Carrera 14 No 11N-85",
        "tel": "(6) 745 5536"
    },{
        "sede": "Principal",
        "cod":  "150",
        "ciudad": "Pijao, Quindío",
        "region": "Central",
        "latlng": { 
            "lat": 4.334809645467599,
            "lng": -75.70648021697997
        },
        "zoom": 16,
        "web": "",
        "dir": "Carrera 14 - Calle 14",
        "tel": ""
    },{
        "sede": "Centro",
        "cod":  "121",
        "ciudad": "Pereira, Risaralda",
        "region": "Central",
        "latlng": { 
            "lat": 4.811424810180595,
            "lng": -75.68221600784301
        },
        "zoom": 16,
        "web": "",
        "dir": "Carrera 9 No 4-45",
        "tel": ""
    },{
        "sede": "San Andresito",
        "cod":  "110",
        "ciudad": "Pereira, Risaralda",
        "region": "Central",
        "latlng": { 
            "lat": 4.8162838656457305,
            "lng": -75.70800812973022
        },
        "zoom": 16,
        "web": "",
        "dir": "Carrera 7 No 35-40",
        "tel": ""
    },{
        "sede": "Aviva",
        "cod":  "122",
        "ciudad": "Pereira, Risaralda",
        "region": "Central",
        "latlng": { 
            "lat": 4.817908888550432,
            "lng": -75.69470973743438
        },
        "zoom": 16,
        "web": "",
        "dir": "Calle 20 No 3-24",
        "tel": "(6) 344 8718"
    },{
        "sede": "Centro",
        "cod":  "123",
        "ciudad": "Manizales, Caldas",
        "region": "Central",
        "latlng": { 
            "lat": 5.060095, 
            "lng": -75.492666
        },
        "zoom": 16,
        "web": "",
        "dir": "Calle 56 # 24A-27 B. Belén",
        "tel": ""
    },{
        "sede": "Asunción",
        "cod":  "127",
        "ciudad": "Manizales, Caldas",
        "region": "Central",
        "latlng": { 
            "lat": 5.067723514525996,
            "lng": -75.49406087482453
        },
        "zoom": 16,
        "web": "",
        "dir": "Carrera 16 No 51c-75",
        "tel": "(6) 885 9057"
    },{
        "sede": "Principal",
        "cod":  "126",
        "ciudad": "La Dorada, Caldas",
        "region": "Central",
        "latlng": { 
            "lat": 5.450622795846976,
            "lng": -74.6674464735413
        },
        "zoom": 16,
        "web": "",
        "dir": "Calle 13 No 8-43",
        "tel": ""
    },{
        "sede": "Principal",
        "cod":  "125",
        "ciudad": "Villamaría, Manizales, Caldas",
        "region": "Central",
        "latlng": { 
            "lat": 5.043450, 
            "lng": -75.512043
        },
        "zoom": 16,
        "web": "",
        "dir": "Carrera 6 No 10-31",
        "tel": ""
    },{
        "sede": "Principal",
        "cod":  "124",
        "ciudad": "Chinchiná, Caldas",
        "region": "Central",
        "latlng": { 
            "lat": 4.982475097497867,
            "lng": -75.60613527381895
        },
        "zoom": 16,
        "web": "",
        "dir": "Calle 10 No 10-80",
        "tel": ""
    },{
        "sede": "Principal",
        "cod":  "129",
        "ciudad": "Marsella, Caldas",
        "region": "Central",
        "latlng": { 
            "lat": 4.9345220336656155,
            "lng": -75.73308030815122
        },
        "zoom": 16,
        "web": "",
        "dir": "Carrera 12 No 7-48",
        "tel": ""
    },{
        "sede": "Principal",
        "cod":  "108",
        "ciudad": "Sevilla, Valle",
        "region": "Central",
        "latlng": { 
            "lat": 4.272495578465387,
            "lng": -75.93437265739442
        },
        "zoom": 16,
        "web": "",
        "dir": "Carrera 43 # 48-31 B. Granada",
        "tel": ""
    },{
        "sede": "La Floresta",
        "cod":  "132",
        "ciudad": "Medellín, Antioquia",
        "region": "Central",
        "latlng": { 
            "lat": 6.259406653269682,
            "lng": -75.6097460280609
        },
        "zoom": 16,
        "web": "",
        "dir": "Carrera 94 No 48a-133",
        "tel": "(4) 234 9350"
    },{
        "sede": "Alfonso López",
        "cod":  "133",
        "ciudad": "Medellín, Antioquia",
        "region": "Central",
        "latlng": { 
            "lat": 6.283636687900714,
            "lng": -75.57455008136748
        },
        "zoom": 16,
        "web": "",
        "dir": "Calle 91A # 67A-79",
        "tel": ""
    },{
        "sede": "Principal",
        "cod":  "135",
        "ciudad": "Turbo, Antioquia",
        "region": "Central",
        "latlng": { 
            "lat": 8.098153184471006,
            "lng": -76.72935142362593
        },
        "zoom": 16,
        "web": "",
        "dir": "Calle 109 No 14-25",
        "tel": "(4) 827 3210"
    },{
        "sede": "Principal",
        "cod":  "134",
        "ciudad": "Apartadó, Antioquia",
        "region": "Central",
        "latlng": { 
            "lat": 7.877880046707942,
            "lng": -76.61855326908119
        },
        "zoom": 16,
        "web": "",
        "dir": "Calle 103 # 79-27",
        "tel": ""
    },{
        "sede": "Principal",
        "cod":  "136",
        "ciudad": "San Juan de Urabá, Antioquia",
        "region": "Central",
        "latlng": { 
            "lat": 8.757737287654567,
            "lng": -76.52919501125336
        },
        "zoom": 16,
        "web": "",
        "dir": "Carrera 20 # 17-02",
        "tel": "(4) 821 2136"
    },{
        "sede": "Principal",
        "cod":  "137",
        "ciudad": "Montería, Córdoba",
        "region": "Central",
        "latlng": { 
            "lat": 8.743255814885893,
            "lng": -75.89214435661387
        },
        "zoom": 16,
        "web": "",
        "dir": "Carrera 8 # 10-26 B.Buenavista",
        "tel": "(4) 786 3495"
    },{
        "sede": "Edmundo López",
        "cod":  "138",
        "ciudad": "Montería, Córdoba",
        "region": "Central",
        "latlng": { 
            "lat": 8.741010377101462,
            "lng": -75.88890961254191
        },
        "zoom": 16,
        "web": "",
        "dir": "Carrera 8F # 11-61 B. Edmundo López",
        "tel": ""
    },{
        "sede": "Robinson Pitalúa",
        "cod":  "139",
        "ciudad": "Montería, Córdoba",
        "region": "Central",
        "latlng": { 
            "lat": 8.749960, 
            "lng": -75.884846
        },
        "zoom": 16,
        "web": "",
        "dir": "",
        "tel": "(4) 792 5156"
    },{
        "sede": "Principal",
        "cod":  "142",
        "ciudad": "Cereté, Montería, Córdoba",
        "region": "Central",
        "latlng": { 
            "lat": 8.88167,
            "lng": -75.79622
        },
        "zoom": 16,
        "web": "",
        "dir": "",
        "tel": ""
    },{
        "sede": "Principal",
        "cod":  "143",
        "ciudad": "Jaraquiel, Montería, Córdoba",
        "region": "Central",
        "latlng": { 
            "lat": 8.694398,
            "lng": -75.9470498
        },
        "zoom": 16,
        "web": "",
        "dir": "Vía Principal Jaraquiel",
        "tel": "(4) 791 0199"
    },{
        "sede": "Principal",
        "cod":  "144",
        "ciudad": "Planeta Rica, Córdoba",
        "region": "Central",
        "latlng": { 
            "lat": 8.409473496660981,
            "lng": -75.58802203704835
        },
        "zoom": 16,
        "web": "",
        "dir": "Calle 15 # 12-34",
        "tel": "(4) 776 5735"
    },{
        "sede": "Principal",
        "cod":  "145",
        "ciudad": "Valencia, Córdoba",
        "region": "Central",
        "latlng": { 
            "lat": 8.261706984012982,
            "lng": -76.15178735588069
        },
        "zoom": 16,
        "web": "",
        "dir": "Carrera 19A # 9A-15 B. Buenos Aires",
        "tel": ""
    },{
        "sede": "Principal",
        "cod":  "147",
        "ciudad": "Cartagena, Bolívar",
        "region": "Central",
        "latlng": { 
            "lat": 10.399536064402758,
            "lng": -75.48516190398254
        },
        "zoom": 16,
        "web": "",
        "dir": "Transv. 71 # 31A-57",
        "tel": "(5) 661 6939"
    },{
        "sede": "Manga",
        "cod":  "148",
        "ciudad": "Cartagena, Bolívar",
        "region": "Central",
        "latlng": { 
            "lat": 10.413507, 
            "lng": -75.536864
        },
        "zoom": 16,
        "web": "",
        "dir": "Av. Jimenéz con Asamblea - Casa el Marquéz",
        "tel": ""
    },{
        "sede": "La Granja",
        "cod":  "149",
        "ciudad": "Montería, Córdoba",
        "region": "Central",
        "latlng": { 
            "lat": 8.735229, 
            "lng": -75.875469
        },
        "zoom": 16,
        "web": "",
        "dir": "Transv. 24 # 33",
        "tel": ""
    },{
        "sede": "Principal",
        "cod":  "104",
        "ciudad": "Quibdó, Chocó",
        "region": "Central",
        "latlng": { 
            "lat": 5.683997254916566,
            "lng": -76.63869527496337
        },
        "zoom": 16,
        "web": "",
        "dir": "Carrera 25 No 20-73",
        "tel": ""
    },{
        "sede": "Neiva Centro",
        "cod":  "212",
        "ciudad": "Neiva, Huila",
        "region": "Sur Oriental",
        "latlng": { 
            "lat": 2.930401665477485,
            "lng": -75.28296966991422
        },
        "zoom": 16,
        "web": "",
        "dir": "Carrera 12 No 9-45",
        "tel": "(8) 871 6213"
    },{
        "sede": "Neiva Norte",
        "cod":  "214",
        "ciudad": "Neiva, Huila",
        "region": "Sur Oriental",
        "latlng": { 
            "lat": 2.9740261466912243,
            "lng": -75.28487672052376
        },
        "zoom": 16,
        "web": "http://alianzaneivanorte.com/intro.html",
        "dir": "Carrera 7 No 81-14",
        "tel": "(8) 866 0647"
    },{
        "sede": "Principal",
        "cod":  "215",
        "ciudad": "Pitalito, Huila",
        "region": "Sur Oriental",
        "latlng": { 
            "lat": 1.848305451195868,
            "lng": -76.04755579259034
        },
        "zoom": 16,
        "web": "",
        "dir": "Calle 1 No 2-30",
        "tel": "(8) 836 13-09"
    },{
        "sede": "Principal",
        "cod":  "Proyecto Misionero",
        "ciudad": "Timaná, Huila,",
        "region": "Sur Oriental",
        "latlng": { 
            "lat": 1.9714431535717831,
            "lng": -75.93254392059328
        },
        "zoom": 16,
        "web": "",
        "dir": "Calle 9 # 2-59",
        "tel": ""
    },{
        "sede": "Principal",
        "cod":  "206",
        "ciudad": "Garzón, Huila,",
        "region": "Sur Oriental",
        "latlng": { 
            "lat": 2.1955164594331036,
            "lng": -75.63090523809814
        },
        "zoom": 16,
        "web": "",
        "dir": "Calle 3 # 10A-22",
        "tel": "(8) 833 0310"
    },{
        "sede": "Principal",
        "cod":  "279",
        "ciudad": "Santa Martha, Huila,",
        "region": "Sur Oriental",
        "latlng": { 
            "lat": 1.933333,
            "lng": -76.53333299999997
        },
        "zoom": 16,
        "web": "",
        "dir": "Vereda Santa Martha",
        "tel": "(8) 833 5150"
    },{
        "sede": "Principal",
        "cod":  "211",
        "ciudad": "La Plata, Huila,",
        "region": "Sur Oriental",
        "latlng": { 
            "lat": 2.390939559747996,
            "lng": -75.89278833862306
        },
        "zoom": 16,
        "web": "",
        "dir": "Calle 7 # 6-34",
        "tel": "(8) 837 0585"
    },{
        "sede": "Principal",
        "cod":  "208",
        "ciudad": "Gigante, Huila,",
        "region": "Sur Oriental",
        "latlng": { 
            "lat": 2.386124554231928,
            "lng": -75.54664157539366
        },
        "zoom": 16,
        "web": "",
        "dir": "Carrera 5 # 5-32",
        "tel": "(8) 832 5595"
    },{
        "sede": "Principal",
        "cod":  "204",
        "ciudad": "Campoalegre, Huila,",
        "region": "Sur Oriental",
        "latlng": { 
            "lat": 2.684506300000036,
            "lng": -75.32599312394257
        },
        "zoom": 16,
        "web": "",
        "dir": "Calle 18 # 10-05",
        "tel": "(8) 838 0107"
    },{
        "sede": "Principal",
        "cod":  "201",
        "ciudad": "Algeciras, Huila,",
        "region": "Sur Oriental",
        "latlng": { 
            "lat": 2.5255956658729457,
            "lng": -75.31643047088625
        },
        "zoom": 16,
        "web": "",
        "dir": "Carrera 3 # 5-52",
        "tel": "(8) 838 2141"
    },{
        "sede": "Principal",
        "cod":  "209",
        "ciudad": "La Arcadia, Huila,",
        "region": "Sur Oriental",
        "latlng": { 
            "lat": 2.4450706,
            "lng": -75.39586629999997
        },
        "zoom": 16,
        "web": "",
        "dir": "",
        "tel": "(8) 833 6382"
    },{
        "sede": "Principal",
        "cod":  "Proyecto Misionero",
        "ciudad": "El Paraiso, Huila,",
        "region": "Sur Oriental",
        "latlng": { 
            "lat": 2.5969826,
            "lng": -75.10053440000002
        },
        "zoom": 16,
        "web": "",
        "dir": "",
        "tel": ""
    },{
        "sede": "Principal",
        "cod":  "202",
        "ciudad": "Baraya, Huila,",
        "region": "Sur Oriental",
        "latlng": { 
            "lat": 3.154280243521469,
            "lng": -75.05231373862307
        },
        "zoom": 16,
        "web": "",
        "dir": "Calle 5A # 5-28",
        "tel": "(8) 878 8595"
    },{
        "sede": "Principal",
        "cod":  "203",
        "ciudad": "Bruselas, Huila,",
        "region": "Sur Oriental",
        "latlng": { 
            "lat": 1.776436,
            "lng": -76.17547569999999
        },
        "zoom": 16,
        "web": "",
        "dir": "",
        "tel": "(8) 835 0218"
    },{
        "sede": "Principal",
        "cod":  "205",
        "ciudad": "Gaitania, Huila,",
        "region": "Sur Oriental",
        "latlng": { 
            "lat": 3.0926862,
            "lng": -75.67171910000002
        },
        "zoom": 16,
        "web": "",
        "dir": "",
        "tel": "(8) 224 6057"
    },{
        "sede": "Principal",
        "cod":  "216",
        "ciudad": "Río Negro, Huila,",
        "region": "Sur Oriental",
        "latlng": { 
            "lat": 2.908689,
            "lng": -75.437386
        },
        "zoom": 16,
        "web": "",
        "dir": "",
        "tel": ""
    },{
        "sede": "Principal",
        "cod":  "217",
        "ciudad": "Rivera, Huila,",
        "region": "Sur Oriental",
        "latlng": { 
            "lat": 2.7782868932125715,
            "lng": -75.2632075932541
        },
        "zoom": 16,
        "web": "",
        "dir": "Calle 2 # 13-63",
        "tel": "(8) 838 6949"
    },{
        "sede": "Principal",
        "cod":  "218",
        "ciudad": "San Agustín, Huila,",
        "region": "Sur Oriental",
        "latlng": { 
            "lat": 1.8801233232814634,
            "lng": -76.26922473491823
        },
        "zoom": 16,
        "web": "",
        "dir": "Calle 2 # 7-28",
        "tel": "(8) 837 9299"
    },{
        "sede": "Principal",
        "cod":  "219",
        "ciudad": "Santana Ramos, Puerto Rico, Huila,",
        "region": "Sur Oriental",
        "latlng": { 
            "lat": 2.24035,
            "lng": -75.11412999999999
        },
        "zoom": 16,
        "web": "",
        "dir": "Vía Algeciras",
        "tel": ""
    },{
        "sede": "Principal",
        "cod":  "210",
        "ciudad": "Los Ángeles, La Plata, Huila,",
        "region": "Sur Oriental",
        "latlng": { 
            "lat": 2.455655,
            "lng": -75.7589524
        },
        "zoom": 16,
        "web": "",
        "dir": "Calle 7 # 6-34",
        "tel": ""
    },{
        "sede": "Principal",
        "cod":  "220",
        "ciudad": "Tello, Huila,",
        "region": "Sur Oriental",
        "latlng": { 
            "lat": 3.068508377146552,
            "lng": -75.13934750066375
        },
        "zoom": 16,
        "web": "",
        "dir": "Carrera 7 # 4-76",
        "tel": "(8) 848 8194"
    },{
        "sede": "Principal",
        "cod":  "221",
        "ciudad": "Tres Esquinas, Gigante, Huila,",
        "region": "Sur Oriental",
        "latlng": { 
            "lat": 2.3211609,
            "lng": -75.50292009999998
        },
        "zoom": 16,
        "web": "",
        "dir": "",
        "tel": ""
    },{
        "sede": "Principal",
        "cod":  "222",
        "ciudad": "San José de Isnos - Huila,",
        "region": "Sur Oriental",
        "latlng": { 
            "lat": 1.94999,
            "lng": -76.21672999999998
        },
        "zoom": 16,
        "web": "",
        "dir": "Carrera 7 # 5-53 B. Coliseo",
        "tel": ""
    },{
        "sede": "Principal",
        "cod":  "224",
        "ciudad": "El descanso, Garzón, Huila,",
        "region": "Sur Oriental",
        "latlng": { 
            "lat": 2.2053925036589126,
            "lng": -75.61982028564455
        },
        "zoom": 16,
        "web": "",
        "dir": "",
        "tel": ""
    },{
        "sede": "Principal",
        "cod":  "225",
        "ciudad": "La Gran Vía, Gigante, Huila,",
        "region": "Sur Oriental",
        "latlng": { 
            "lat": 2.3786767,
            "lng": -75.484355
        },
        "zoom": 16,
        "web": "",
        "dir": "Vereda La Gran Vía",
        "tel": ""
    },{
        "sede": "Principal",
        "cod":  "213",
        "ciudad": "Los Cauchos, San Agustín, Huila,",
        "region": "Sur Oriental",
        "latlng": { 
            "lat": 1.880121,
            "lng": -76.265323
        }, 
        "zoom": 16,
        "web": "",
        "dir": "Calle 4 # 4-50 B. Las Brisas",
        "tel": ""
    },{
        "sede": "Principal",
        "cod":  "226",
        "ciudad": "San Pedro, Huila,",
        "region": "Sur Oriental",
        "latlng": { 
            "lat": 1.880121,
            "lng": -76.265323
        }, 
        "zoom": 16,
        "web": "",
        "dir": "Calle 1 # 7-125",
        "tel": ""
    },{
        "sede": "Principal",
        "cod":  "212",
        "ciudad": "Vegalarga, Neiva, Huila,",
        "region": "Sur Oriental",
        "latlng": { 
            "lat": 2.949154, 
            "lng": -75.041964
        }, 
        "zoom": 16,
        "web": "",
        "dir": "",
        "tel": "(8) 868 8052"
    },{
        "sede": "Principal",
        "cod":  "223",
        "ciudad": "Hobo, Huila,",
        "region": "Sur Oriental",
        "latlng": { 
            "lat": 2.581270,
            "lng": -75.447540
        }, 
        "zoom": 16,
        "web": "",
        "dir": "Carrera 3 # 5-14 B. La Esperanza",
        "tel": ""
    },{
        "sede": "Oriente",
        "cod":  "281",
        "ciudad": "Neiva, Huila,",
        "region": "Sur Oriental",
        "latlng": { 
            "lat": 2.940505, 
            "lng": -75.249677
        }, 
        "zoom": 16,
        "web": "",
        "dir": "Calle 19 # 50-09",
        "tel": "(8) 867 4267"
    },{
        "sede": "Principal",
        "cod":  "282",
        "ciudad": "Santa Rita,",
        "region": "Sur Oriental",
        "latlng": { 
            "lat": 2.952747, 
            "lng": -75.223093
        }, 
        "zoom": 16,
        "web": "",
        "dir": "",
        "tel": ""
    },{
        "sede": "Principal",
        "cod":  "Proyecto Misionero",
        "ciudad": "Potrerillos, Gigante, Huila,",
        "region": "Sur Oriental",
        "latlng": { 
            "lat": 2.467620,  
            "lng": -75.487460
        }, 
        "zoom": 16,
        "web": "",
        "dir": "",
        "tel": ""
    },{
        "sede": "Principal",
        "cod":  "267",
        "ciudad": "La Palmera, Gaitania, Huila,",
        "region": "Sur Oriental",
        "latlng": { 
            "lat": 3.094571,  
            "lng": -75.672531
        }, 
        "zoom": 16,
        "web": "",
        "dir": "Vereda La Palmera",
        "tel": ""
    },{
        "sede": "Principal",
        "cod":  "271",
        "ciudad": "Palermo, Huila,",
        "region": "Sur Oriental",
        "latlng": { 
            "lat": 2.888348,  
            "lng": -75.433891
        }, 
        "zoom": 16,
        "web": "",
        "dir": "Calle 8 # 13A-26 B. Las Camelias",
        "tel": "(8) 878 3096"
    },{
        "sede": "Principal",
        "cod":  "275",
        "ciudad": "Aipe, Huila,",
        "region": "Sur Oriental",
        "latlng": { 
            "lat": 3.222273,   
            "lng": -75.239853
        }, 
        "zoom": 16,
        "web": "",
        "dir": "Calle 5 # 8-100 B. Fundadores",
        "tel": ""
    },{
        "sede": "Proyecto Misionero",
        "cod":  "265",
        "ciudad": "Miraflores, Huila,",
        "region": "Sur Oriental",
        "latlng": { 
            "lat": 2.050264,   
            "lng": -75.675893
        }, 
        "zoom": 16,
        "web": "",
        "dir": "",
        "tel": ""
    },{
        "sede": "Principal",
        "cod":  "264",
        "ciudad": "Tarqui, Huila,",
        "region": "Sur Oriental",
        "latlng": { 
            "lat": 2.115549,    
            "lng": -75.854387
        }, 
        "zoom": 16,
        "web": "",
        "dir": "Carrera 8 # 1-33",
        "tel": ""
    },{
        "sede": "Proyecto Misionero",
        "cod":  "207",
        "ciudad": "Acevedo, Huila,",
        "region": "Sur Oriental",
        "latlng": { 
            "lat": 1.818886,    
            "lng": -75.896798
        }, 
        "zoom": 16,
        "web": "",
        "dir": "Calle 5 # 5-47 Centro",
        "tel": ""
    },{
        "sede": "Proyecto Misionero",
        "cod":  "266",
        "ciudad": "Belén, La Plata, Huila,",
        "region": "Sur Oriental",
        "latlng": { 
            "lat": 2.204470,     
            "lng": -76.059806
        }, 
        "zoom": 16,
        "web": "",
        "dir": "Vereda Belén",
        "tel": ""
    },{
        "sede": "Proyecto Misionero",
        "cod":  "211",
        "ciudad": "Villa Losada, La Plata, Huila,",
        "region": "Sur Oriental",
        "latlng": { 
            "lat": 2.278912,    
            "lng": -75.964708
        }, 
        "zoom": 16,
        "web": "",
        "dir": "Vereda Villa Losada",
        "tel": ""
    },{
        "sede": "Principal",
        "cod":  "272",
        "ciudad": "San Antonio de Anaconia, Neiva, Huila,",
        "region": "Sur Oriental",
        "latlng": { 
            "lat": 2.875193,     
            "lng": -75.492567
        }, 
        "zoom": 16,
        "web": "",
        "dir": "",
        "tel": ""
    },{
        "sede": "Estadio",
        "cod":  "239",
        "ciudad": "Ibagué, Tolima,",
        "region": "Sur Oriental",
        "latlng": { 
            "lat": 4.432758,      
            "lng": -75.224254
        }, 
        "zoom": 16,
        "web": "",
        "dir": "Calle 32 # 3A-24",
        "tel": "(2) 264 7425"
    },{
        "sede": "Principal",
        "cod":  "241",
        "ciudad": "Casabianca, Tolima,",
        "region": "Sur Oriental",
        "latlng": { 
            "lat": 5.066473,      
            "lng": -75.133665
        }, 
        "zoom": 16,
        "web": "",
        "dir": "Carrera 3 # 2-26",
        "tel": "(2) 254 8700"
    },{
        "sede": "Principal",
        "cod":  "235",
        "ciudad": "El Paujil, Ataco, Tolima,",
        "region": "Sur Oriental",
        "latlng": { 
            "lat": 3.360018,       
            "lng": -75.681810
        }, 
        "zoom": 16,
        "web": "",
        "dir": "Carrera 4 # 8-10",
        "tel": ""
    },{
        "sede": "Principal",
        "cod":  "236",
        "ciudad": "Planadas, Tolima,",
        "region": "Sur Oriental",
        "latlng": { 
            "lat": 3.194381,       
            "lng": -75.648160
        }, 
        "zoom": 16,
        "web": "",
        "dir": "Carrera 7 # 4-46 B. Buenos Aires",
        "tel": "(2) 226 5584"
    },{
        "sede": "Principal",
        "cod":  "238",
        "ciudad": "Dolores, Tolima,",
        "region": "Sur Oriental",
        "latlng": { 
            "lat": 3.663930,    
            "lng": -74.753617
        }, 
        "zoom": 16,
        "web": "",
        "dir": "Calle 6A # 7-06",
        "tel": "(2) 226 8410"
    },{
        "sede": "Principal",
        "cod":  "243",
        "ciudad": "Chaparral, Tolima,",
        "region": "Sur Oriental",
        "latlng": { 
            "lat": 3.749932,       
            "lng": -75.583701
        }, 
        "zoom": 16,
        "web": "",
        "dir": "Calle 9 # 5-69",
        "tel": "(2) 246 1005"
    },{
        "sede": "Principal",
        "cod":  "230",
        "ciudad": "Herrera, Rioblanco, Tolima,",
        "region": "Sur Oriental",
        "latlng": { 
            "lat": 3.286850,       
            "lng": -75.819381
        }, 
        "zoom": 16,
        "web": "",
        "dir": "Vía Rioblanco, Herrera",
        "tel": "(2) 224 4106"
    },{
        "sede": "Principal",
        "cod":  "237",
        "ciudad": "Casa de Zinc, Ataco, Tolima,",
        "region": "Sur Oriental",
        "latlng": { 
            "lat": 3.286866,       
            "lng": -75.585770
        }, 
        "zoom": 16,
        "web": "",
        "dir": "",
        "tel": ""
    },{
        "sede": "Encuentro",
        "cod":  "240",
        "ciudad": "Ibagué, Tolima,",
        "region": "Sur Oriental",
        "latlng": { 
            "lat": 4.439048,        
            "lng": -75.216861
        }, 
        "zoom": 16,
        "web": "",
        "dir": "Carrera 6 # 37-48 B. San Simón",
        "tel": "(2) 264 1531"
    },{
        "sede": "Principal",
        "cod":  "242",
        "ciudad": "La Marina, Chaparral, Tolima,",
        "region": "Sur Oriental",
        "latlng": { 
            "lat": 3.719920,         
            "lng": -75.626715
        }, 
        "zoom": 16,
        "web": "",
        "dir": "Vereda La Marina",
        "tel": ""
    },{
        "sede": "Principal",
        "cod":  "244",
        "ciudad": "Florencia, Tolima,",
        "region": "Sur Oriental",
        "latlng": { 
            "lat": 3.721340,        
            "lng": -75.601986 
        }, 
        "zoom": 16,
        "web": "",
        "dir": "Carrera 10 # 9-36",
        "tel": "(2) 436 3111"
    },{
        "sede": "Principal",
        "cod":  "227",
        "ciudad": "Rioblanco, Tolima,",
        "region": "Sur Oriental",
        "latlng": { 
            "lat": 3.529415,         
            "lng": -75.645475 
        }, 
        "zoom": 16,
        "web": "",
        "dir": "Calle 3 # 2-23",
        "tel": "(2) 225 6205"
    },{
        "sede": "Proyecto Misionero Jireth",
        "cod":  "231",
        "ciudad": "Ibagué, Tolima,",
        "region": "Sur Oriental",
        "latlng": { 
            "lat": 4.447500,          
            "lng": -75.211167 
        }, 
        "zoom": 16,
        "web": "",
        "dir": "Calle 39 Manzana E Casa # 3",
        "tel": "(2) 264 1148"
    },{
        "sede": "Principal",
        "cod":  "247",
        "ciudad": "Puerto Rico, Caquetá,",
        "region": "Sur Oriental",
        "latlng": { 
            "lat": 1.907308,          
            "lng": -75.154701 
        }, 
        "zoom": 16,
        "web": "",
        "dir": "Carrera 6 # 3-33 Comercio",
        "tel": "(4) 431 2276"
    },{
        "sede": "Principal",
        "cod":  "249",
        "ciudad": "San Vicente del Caguán, Caquetá,",
        "region": "Sur Oriental",
        "latlng": { 
            "lat": 2.115627,           
            "lng": -74.771787 
        }, 
        "zoom": 16,
        "web": "",
        "dir": "Calle 6A # 7-36 B. Santa Isabel",
        "tel": "(4) 464 4274"
    },{
        "sede": "Principal",
        "cod":  "246",
        "ciudad": "El Doncello, Caquetá,",
        "region": "Sur Oriental",
        "latlng": { 
            "lat": 1.682036,            
            "lng": -75.285469 
        }, 
        "zoom": 16,
        "web": "",
        "dir": "Calle 6 # 4-70",
        "tel": "(4) 431 0307"
    },{
        "sede": "Principal",
        "cod":  "245",
        "ciudad": "Cartagena del Chairá, Caquetá,",
        "region": "Sur Oriental",
        "latlng": { 
            "lat": 1.337201,             
            "lng": -74.846269 
        }, 
        "zoom": 16,
        "web": "",
        "dir": "Calle 9 # 6-48",
        "tel": "(4) 431 8445"
    },{
        "sede": "Principal",
        "cod":  "269",
        "ciudad": "La Montañita, Caquetá,",
        "region": "Sur Oriental",
        "latlng": { 
            "lat": 1.479692,              
            "lng": -75.436860 
        }, 
        "zoom": 16,
        "web": "",
        "dir": "Calle 6 Manzana 4",
        "tel": "(4) 430 0166"
    },{
        "sede": "Principal",
        "cod":  "258",
        "ciudad": "San Antonio de Getucha, Caquetá,",
        "region": "Sur Oriental",
        "latlng": { 
            "lat": 1.100958,               
            "lng": -75.400931
        }, 
        "zoom": 16,
        "web": "",
        "dir": "",
        "tel": "(4) 430 6128"
    },{
        "sede": "Principal",
        "cod":  "235",
        "ciudad": "El Paujil, Caquetá,",
        "region": "Sur Oriental",
        "latlng": { 
            "lat": 1.569355,                
            "lng": -75.328159
        }, 
        "zoom": 16,
        "web": "",
        "dir": "Calle 3 # 6-41",
        "tel": ""
    },{
        "sede": "Principal",
        "cod":  "251",
        "ciudad": "Orito, Putumayo,",
        "region": "Sur Oriental",
        "latlng": { 
            "lat": 0.665916,                 
            "lng": -76.871084
        }, 
        "zoom": 16,
        "web": "",
        "dir": "Carrera 13 # 4-10",
        "tel": "(4) 429 0102"
    },{
        "sede": "Principal",
        "cod":  "252",
        "ciudad": "Puerto Asís, Putumayo,",
        "region": "Sur Oriental",
        "latlng": { 
            "lat": 0.510350,                 
            "lng": -76.491121
        }, 
        "zoom": 16,
        "web": "",
        "dir": "B. Obrero 1",
        "tel": "(4) 422 0632"
    },{
        "sede": "Principal",
        "cod":  "250",
        "ciudad": "Villa Garzón, Putumayo,",
        "region": "Sur Oriental",
        "latlng": { 
            "lat": 1.029152,                  
            "lng": -76.616985
        }, 
        "zoom": 16,
        "web": "",
        "dir": "",
        "tel": "(4) 428 5267-4228"
    },{
        "sede": "Principal",
        "cod":  "253",
        "ciudad": "Mocoa, Putumayo,",
        "region": "Sur Oriental",
        "latlng": { 
            "lat": 1.155407,                   
            "lng": -76.652131
        }, 
        "zoom": 16,
        "web": "",
        "dir": "Calle 16 # 15-26",
        "tel": "(4) 429 6667"
    },{
        "sede": "Principal",
        "cod":  "255",
        "ciudad": "La Libertad, Putumayo,",
        "region": "Sur Oriental",
        "latlng": { 
            "lat": 1.066556,                    
            "lng": -75.898361
        }, 
        "zoom": 16,
        "web": "",
        "dir": "Vereda La Libertad",
        "tel": ""
    },{
        "sede": "El Encuentro Heroes",
        "cod":  "302",
        "ciudad": "Bogotá, Cundinamarca,",
        "region": "Mecusab",
        "latlng": { 
            "lat": 4.623320,                      
            "lng": -74.074605
        }, 
        "zoom": 16,
        "web": "",
        "dir": "Carrera 20 # 81–55",
        "tel": "(1) 616 2969"
    },{
        "sede": "El Encuentro Avenida 80",
        "cod":  "301",
        "ciudad": "Bogotá, Cundinamarca,",
        "region": "Mecusab",
        "latlng": { 
            "lat": 4.706322,                    
            "lng": -74.108360
        }, 
        "zoom": 16,
        "web": "",
        "dir": "Calle 80A # 94A-27",
        "tel": "(1) 227 1995"
    },{
        "sede": "San Cristóbal Norte",
        "cod":  "305",
        "ciudad": "Bogotá, Cundinamarca,",
        "region": "Mecusab",
        "latlng": { 
            "lat": 4.737393,                     
            "lng": -74.027939
        }, 
        "zoom": 16,
        "web": "",
        "dir": "Carrera 8B # 161A-40",
        "tel": "(1) 674 9182 - 679 1906"
    },{
        "sede": "El Encuentro Suba",
        "cod":  "309",
        "ciudad": "Bogotá, Cundinamarca,",
        "region": "Mecusab",
        "latlng": { 
            "lat": 4.711691,                      
            "lng": -74.033156
        }, 
        "zoom": 16,
        "web": "",
        "dir": "Calle 133 # 9AB-50",
        "tel": "(1) 681 6483"
    },{
        "sede": "Fragüita",
        "cod":  "304",
        "ciudad": "Bogotá, Cundinamarca,",
        "region": "Mecusab",
        "latlng": { 
            "lat": 4.599701,                       
            "lng": -74.094895
        }, 
        "zoom": 16,
        "web": "",
        "dir": "Carrera 24B # 3-11",
        "tel": "(1) 233 8085"
    },{
        "sede": "Kennedy",
        "cod":  "303",
        "ciudad": "Bogotá, Cundinamarca,",
        "region": "Mecusab",
        "latlng": { 
            "lat": 4.627499,                       
            "lng": -74.150828
        }, 
        "zoom": 16,
        "web": "",
        "dir": "Calle 33 Sur # 78A-09",
        "tel": "(1) 273 0071"
    },{
        "sede": "Sanfrancisco - Proyecto Misionero",
        "cod":  "314",
        "ciudad": "Bogotá, Cundinamarca,",
        "region": "Mecusab",
        "latlng": { 
            "lat": 4.648272,                         
            "lng": -74.060513
        }, 
        "zoom": 16,
        "web": "",
        "dir": "Diagonal 63 # 19A-266",
        "tel": "(1) 718 8504"
    },{
        "sede": "Bosa",
        "cod":  "308",
        "ciudad": "Bogotá, Cundinamarca,",
        "region": "Mecusab",
        "latlng": { 
            "lat": 4.609934,                         
            "lng": -74.183869
        }, 
        "zoom": 16,
        "web": "",
        "dir": "Carrera 80H # 60-25 Sur Bosa Argelia",
        "tel": "(1) 776 0133"
    },{
        "sede": "Soacha - Proyecto Misionero",
        "cod":  "315",
        "ciudad": "Bogotá, Cundinamarca,",
        "region": "Mecusab",
        "latlng": { 
            "lat": 4.596147,                           
            "lng": -74.071724
        }, 
        "zoom": 16,
        "web": "",
        "dir": "Carrera 3 # 11–20 Ubate Sector II",
        "tel": "(1) 711 3553"
    },{
        "sede": "Puerta Abierta - Proyecto Misionero",
        "cod":  "312",
        "ciudad": "Bogotá, Cundinamarca,",
        "region": "Mecusab",
        "latlng": { 
            "lat": 4.753459,                            
            "lng": -74.046968
        }, 
        "zoom": 16,
        "web": "",
        "dir": "Calle 172 # 45-28",
        "tel": ""
    },{
        "sede": "Juan Pablo II",
        "cod":  "311",
        "ciudad": "Bogotá, Cundinamarca,",
        "region": "Mecusab",
        "latlng": { 
            "lat": 4.554458,                            
            "lng": -74.148295
        }, 
        "zoom": 16,
        "web": "",
        "dir": "Carrera 18Q # 68B-27 Sur",
        "tel": ""
    },{
        "sede": "Mosquera - Proyecto Misionero",
        "cod":  "338",
        "ciudad": "Bogotá, Cundinamarca,",
        "region": "Mecusab",
        "latlng": { 
            "lat": 4.605487,                                
            "lng": -74.069755
        }, 
        "zoom": 16,
        "web": "",
        "dir": "Carrera 5 Este # 20–33 Autop. Siberia–Girardot",
        "tel": ""
    },{
        "sede": "Principal",
        "cod":  "316",
        "ciudad": "Carmen de Apicalá, Tolima,",
        "region": "Mecusab",
        "latlng": { 
            "lat": 4.148734,                                
            "lng": -74.715554
        }, 
        "zoom": 16,
        "web": "",
        "dir": "Carrera 13 # 2-116 B. Arenitas",
        "tel": "(2) 247 8152"
    },{
        "sede": "Principal",
        "cod":  "232",
        "ciudad": "Bilbao, Tolima,",
        "region": "Sur Oriental",
        "latlng": { 
            "lat": 3.274059,                                 
            "lng": -75.746387
        }, 
        "zoom": 16,
        "web": "",
        "dir": "",
        "tel": ""
    },{
        "sede": "Principal",
        "cod":  "228",
        "ciudad": "Puerto Saldaña, Tolima,",
        "region": "Sur Oriental",
        "latlng": { 
            "lat": 3.385427,                                 
            "lng": -75.709483
        },
        "zoom": 16,
        "web": "",
        "dir": "",
        "tel": ""
    },{
        "sede": "Principal",
        "cod":  "233",
        "ciudad": "Berlín, Tolima,",
        "region": "Sur Oriental",
        "latlng": { 
            "lat": 3.744246,                                 
            "lng": -75.677975
        }, 
        "zoom": 16,
        "web": "",
        "dir": "",
        "tel": ""
    },{
        "sede": "Principal",
        "cod":  "254",
        "ciudad": "Libano, Tolima,",
        "region": "Sur Oriental",
        "latlng": { 
            "lat": 4.921481,                                 
            "lng": -75.075286
        }, 
        "zoom": 16,
        "web": "",
        "dir": "Calle 2 # 11-70",
        "tel": ""
    },{
        "sede": "Principal",
        "cod":  "261",
        "ciudad": "Villa Hermosa, Tolima,",
        "region": "Sur Oriental",
        "latlng": { 
            "lat": 4.988680,                                 
            "lng": -75.133546
        }, 
        "zoom": 16,
        "web": "",
        "dir": "",
        "tel": ""
    },{
        "sede": "Principal",
        "cod":  "263",
        "ciudad": "Santiago Pérez, Ataco, Tolima,",
        "region": "Sur Oriental",
        "latlng": { 
            "lat": 3.416814,                                 
            "lng": -75.616756
        }, 
        "zoom": 16,
        "web": "",
        "dir": "",
        "tel": ""
    },{
        "sede": "Principal",
        "cod":  "Proyecto Misionero",
        "ciudad": "El Edén, Tolima,",
        "region": "Sur Oriental",
        "latlng": { 
            "lat": 3.425098,                                 
            "lng": -75.689939
        }, 
        "zoom": 16,
        "web": "",
        "dir": "Vereda El Edén",
        "tel": ""
    },{
        "sede": "Proyecto Misionero",
        "cod":  "260",
        "ciudad": "San Antonio, Tolima,",
        "region": "Sur Oriental",
        "latlng": { 
            "lat": 3.914283,                                 
            "lng": -75.513272
        }, 
        "zoom": 16,
        "web": "",
        "dir": "Carrera 4 # 4-37",
        "tel": ""
    },{
        "sede": "Principal",
        "cod":  "262",
        "ciudad": "Purificación, Tolima,",
        "region": "Sur Oriental",
        "latlng": { 
            "lat": 3.864081,                                 
            "lng": -74.938346
        }, 
        "zoom": 16,
        "web": "",
        "dir": "Calle 6 # 5A-89B",
        "tel": "(2) 228 0206"
    },{
        "sede": "Principal",
        "cod":  "273",
        "ciudad": "El Limón, Tolima,",
        "region": "Sur Oriental",
        "latlng": { 
            "lat": 3.874994,                                 
            "lng": -75.517656
        }, 
        "zoom": 16,
        "web": "",
        "dir": "Vereda El Limón",
        "tel": "(2) 326 2127"
    },{
        "sede": "Principal",
        "cod":  "277",
        "ciudad": "La Laguna, Ataco, Tolima,",
        "region": "Sur Oriental",
        "latlng": { 
            "lat": 3.866798,                                 
            "lng": -74.850106
        },
        "zoom": 16,
        "web": "",
        "dir": "Vereda La Laguna",
        "tel": ""
    },{
        "sede": "Proyecto Misionero",
        "cod":  "259",
        "ciudad": "La Ilusión, Milán, Caquetá,",
        "region": "Sur Oriental",
        "latlng": { 
            "lat": 1.266666,                                  
            "lng": -75.520280
        }, 
        "zoom": 16,
        "web": "",
        "dir": "Vereda La Ilusión",
        "tel": ""
    },{
        "sede": "Proyecto Misionero",
        "cod":  "268",
        "ciudad": "Río Negro, Puerto Rico, Caquetá,",
        "region": "Sur Oriental",
        "latlng": { 
            "lat": 1.613262,                                 
            "lng": -74.995850
        }, 
        "zoom": 16,
        "web": "",
        "dir": "Calle Principal - Diagonal Polideportivo",
        "tel": ""
    },{
        "sede": "Principal",
        "cod":  "248",
        "ciudad": "Tres Esquinas, San Vicente del Caguán, Caquetá,",
        "region": "Sur Oriental",
        "latlng": { 
            "lat": 1.868273,                                 
            "lng": -74.812131
        }, 
        "zoom": 16,
        "web": "",
        "dir": "",
        "tel": ""
    },{
        "sede": "Proyecto Misionero",
        "cod":  "256",
        "ciudad": "Puerto Betania, Caquetá,",
        "region": "Sur Oriental",
        "latlng": { 
            "lat": 1.686764,                                 
            "lng": -74.773512
        }, 
        "zoom": 16,
        "web": "",
        "dir": "",
        "tel": ""
    },{
        "sede": "Proyecto Misionero",
        "cod":  "278",
        "ciudad": "Belén, Caquetá,",
        "region": "Sur Oriental",
        "latlng": { 
            "lat": 1.482010,                                 
            "lng": -75.879623
        }, 
        "zoom": 16,
        "web": "",
        "dir": "",
        "tel": "(4) 431 0315"
    },{
        "sede": "Principal",
        "cod":  "276",
        "ciudad": "San Andrés, Tello, Huila,",
        "region": "Sur Oriental",
        "latlng": { 
            "lat": 3.059373,                                
            "lng": -75.108101
        }, 
        "zoom": 16,
        "web": "",
        "dir": "Vereda San Andrés",
        "tel": ""
    },{
        "sede": "Proyecto Misionero",
        "cod":  "270",
        "ciudad": "Villa Lobos, Huila,",
        "region": "Sur Oriental",
        "latlng": { 
            "lat": 1.657147,                                 
            "lng": -76.226521
        }, 
        "zoom": 16,
        "web": "",
        "dir": "",
        "tel": ""
    },{
        "sede": "Principal",
        "cod":  "324",
        "ciudad": "Villavicencio, Meta,",
        "region": "Mecusab",
        "latlng": { 
            "lat": 4.151067,                                 
            "lng": -73.631899
        }, 
        "zoom": 16,
        "web": "",
        "dir": "Carrera 26 # 37-35",
        "tel": "(8) 662 4589"
    },{
        "sede": "Principal",
        "cod":  "322",
        "ciudad": "Cumaral, Meta,",
        "region": "Mecusab",
        "latlng": { 
            "lat": 4.226976,                                 
            "lng": -73.251991
        }, 
        "zoom": 16,
        "web": "",
        "dir": "Carrera 19 # 11-89",
        "tel": "(8) 687 0848"
    },{
        "sede": "Principal",
        "cod":  "323",
        "ciudad": "Granada, Meta,",
        "region": "Mecusab",
        "latlng": { 
            "lat": 3.547129,                                 
            "lng": -73.709509
        }, 
        "zoom": 16,
        "web": "",
        "dir": "Calle 21 # 12-50",
        "tel": ""
    },{
        "sede": "Principal",
        "cod":  "327",
        "ciudad": "Macarena, Meta,",
        "region": "Mecusab",
        "latlng": { 
            "lat": 2.065865,                                 
            "lng": -73.965822
        }, 
        "zoom": 16,
        "web": "",
        "dir": "Carrera 7 # 7-26",
        "tel": ""
    },{
        "sede": "Principal",
        "cod":  "325",
        "ciudad": "Morichal, Meta,",
        "region": "Mecusab",
        "latlng": { 
            "lat": 4.655589,                                 
            "lng": -71.524390
        }, 
        "zoom": 16,
        "web": "",
        "dir": "Calle 36 # 19-52 Este",
        "tel": "(8) 665 0420"
    },{
        "sede": "Principal",
        "cod":  "329",
        "ciudad": "Restrepo, Meta,",
        "region": "Mecusab",
        "latlng": { 
            "lat": 4.257312,                                 
            "lng": -73.568678
        }, 
        "zoom": 16,
        "web": "",
        "dir": "Carrera 1D # 10C-23 B. Brisas del Llano",
        "tel": ""
    },{
        "sede": "Ciudad Porfia",
        "cod":  "331",
        "ciudad": "Villavicencio, Meta,",
        "region": "Mecusab",
        "latlng": { 
            "lat": 4.081705,                                 
            "lng": -73.669359
        }, 
        "zoom": 16,
        "web": "",
        "dir": "Calle 62 # 45-02",
        "tel": "(8) 669 5937"
    },{
        "sede": "33.3",
        "cod":  "326",
        "ciudad": "Villavicencio, Meta,",
        "region": "Mecusab",
        "latlng": { 
            "lat": 4.139795,                                 
            "lng": -73.636674
        }, 
        "zoom": 16,
        "web": "",
        "dir": "Calle 26B # 37-55 B. 7 Agosto",
        "tel": ""
    },{
        "sede": "Principal",
        "cod":  "330",
        "ciudad": "Lejanias, Meta,",
        "region": "Mecusab",
        "latlng": { 
            "lat": 3.526450,                                 
            "lng": -74.022293
        }, 
        "zoom": 16,
        "web": "",
        "dir": "Calle 5 # 10-06",
        "tel": ""
    },{
        "sede": "Principal",
        "cod":  "332",
        "ciudad": "Bucaramanga, Santander,",
        "region": "Mecusab",
        "latlng": { 
            "lat": 7.124373,                                 
            "lng": -73.112449
        }, 
        "zoom": 16,
        "web": "",
        "dir": "Carrera 33 # 35-46",
        "tel": "(7) 645 0009"
    },{
        "sede": "Principal",
        "cod":  "333",
        "ciudad": "Socorro, Santander,",
        "region": "Mecusab",
        "latlng": { 
            "lat": 6.468952,                                 
            "lng": -73.262233
        }, 
        "zoom": 16,
        "web": "",
        "dir": "Carrera 15 # 12-42",
        "tel": "(7) 727 5898"
    },{
        "sede": "Proyecto Misionero",
        "cod":  "334",
        "ciudad": "Barbosa, Santander,",
        "region": "Mecusab",
        "latlng": { 
            "lat": 5.933208,                                 
            "lng": -73.622283
        }, 
        "zoom": 16,
        "web": "",
        "dir": "Transv 3 # 5-201",
        "tel": ""
    },{
        "sede": "Principal",
        "cod":  "319",
        "ciudad": "Chiquinquira, Boyacá,",
        "region": "Mecusab",
        "latlng": { 
            "lat": 5.617180,                                 
            "lng": -73.814314
        }, 
        "zoom": 16,
        "web": "",
        "dir": "Calle 19 # 8-42",
        "tel": "(7) 726 8048"
    },{
        "sede": "Proyecto Misionero",
        "cod":  "320",
        "ciudad": "Duitama, Boyacá,",
        "region": "Mecusab",
        "latlng": { 
            "lat": 5.824335,                                 
            "lng": -73.035290
        }, 
        "zoom": 16,
        "web": "",
        "dir": ": Calle 12 # 18–22  2do Piso",
        "tel": ""
    },{
        "sede": "Proyecto Misionero",
        "cod":  "321",
        "ciudad": "Tunja, Boyacá,",
        "region": "Mecusab",
        "latlng": { 
            "lat": 5.545903,                                 
            "lng": -73.346661
        }, 
        "zoom": 16,
        "web": "",
        "dir": "Transversal 8A # 29–29 Salón social B. Maldonado",
        "tel": "(7) 745 4535"
    },{
        "sede": "Principal",
        "cod":  "336",
        "ciudad": "Leticia, Amazonas,",
        "region": "Mecusab",
        "latlng": { 
            "lat": -4.213403,                                 
            "lng": -69.937726
        }, 
        "zoom": 16,
        "web": "",
        "dir": "Calle 9 # 6-57",
        "tel": "(8) 592 7027"
    },{
        "sede": "Principal",
        "cod":  "337",
        "ciudad": "Comunidad Achagua, Amazonas,",
        "region": "Mecusab",
        "latlng": { 
            "lat": -4.205595,                                 
            "lng": -69.935169
        }, 
        "zoom": 16,
        "web": "",
        "dir": "Calle 35A # 19D-19",
        "tel": "(8) 666 6588"
    },{
        "sede": "Betel",
        "cod":  "307",
        "ciudad": "Bogotá, Cundinamarca,",
        "region": "Mecusab",
        "latlng": { 
            "lat": 4.691216,                                 
            "lng": -74.099758
        }, 
        "zoom": 16,
        "web": "",
        "dir": "Calle 72 # 77A–63 2do Piso",
        "tel": ""
    },{
        "sede": "Principal",
        "cod":  "309",
        "ciudad": "Buenavista, Amazonas,",
        "region": "Mecusab",
        "latlng": { 
            "lat": 5.041056,                                 
            "lng": -67.819855
        }, 
        "zoom": 16,
        "web": "",
        "dir": "Calle 189 # 5-17 B. Buenavista",
        "tel": "(8) 677 7379"
    },{
        "sede": "San Bosco",
        "cod":  "401",
        "ciudad": "Cali, Valle,",
        "region": "Valle",
        "latlng": { 
            "lat": 3.443423,                                 
            "lng": -76.530641
        }, 
        "zoom": 16,
        "web": "",
        "dir": "Carrera 14 # 11-62 B. San Bosco",
        "tel": "(2) 884 2449 - 881 1010"
    },{
        "sede": "Independencia",
        "cod":  "424",
        "ciudad": "Buenaventura, Valle,",
        "region": "Valle",
        "latlng": { 
            "lat": 3.874017,                                 
            "lng": -77.003212
        }, 
        "zoom": 16,
        "web": "",
        "dir": "Calle 6 # 62-04 Piso 2",
        "tel": "(2) 240 0652"
    },{
        "sede": "Alfonso López",
        "cod":  "402",
        "ciudad": "Cali, Valle,",
        "region": "Valle",
        "latlng": { 
            "lat": 3.457345,                                 
            "lng": -76.483235
        }, 
        "zoom": 16,
        "web": "",
        "dir": "Carrera 7L Bis # 76-118",
        "tel": "(2) 662 7594"
    },{
        "sede": "La Unión",
        "cod":  "403",
        "ciudad": "Cali, Valle,",
        "region": "Valle",
        "latlng": { 
            "lat": 3.407473,                                 
            "lng": -76.507454
        }, 
        "zoom": 16,
        "web": "",
        "dir": "Carrera 41H # 46-03",
        "tel": "(2) 378 1199"
    },{
        "sede": "Buenos Aires",
        "cod":  "404",
        "ciudad": "Cali, Valle,",
        "region": "Valle",
        "latlng": { 
            "lat": 3.392056,                                 
            "lng": -76.559081
        }, 
        "zoom": 16,
        "web": "",
        "dir": "Carrera 71 # 3C-72",
        "tel": "(2) 375 5127 "
    },{
        "sede": "San Luis",
        "cod":  "405",
        "ciudad": "Cali, Valle,",
        "region": "Valle",
        "latlng": { 
            "lat": 3.481965,                                 
            "lng": -76.484190
        }, 
        "zoom": 16,
        "web": "",
        "dir": "Calle 73A # 1A - 14-266",
        "tel": "(2) 403 7673"
    },{
        "sede": "León XIII",
        "cod":  "406",
        "ciudad": "Cali, Valle,",
        "region": "Valle",
        "latlng": { 
            "lat": 3.417230,                                 
            "lng": -76.499361
        }, 
        "zoom": 16,
        "web": "",
        "dir": "Carrera 32 # 34-17",
        "tel": "(2) 326 8710 – 8711"
    },{
        "sede": "Las Américas",
        "cod":  "407",
        "ciudad": "Cali, Valle,",
        "region": "Valle",
        "latlng": { 
            "lat": 3.448410,                                 
            "lng": -76.504251
        }, 
        "zoom": 16,
        "web": "",
        "dir": "Calle 44 # 11-68",
        "tel": "(2) 448 1883"
    },{
        "sede": "7 Agosto",
        "cod":  "408",
        "ciudad": "Cali, Valle,",
        "region": "Valle",
        "latlng": { 
            "lat": 3.438435,                                 
            "lng": -76.492871
        }, 
        "zoom": 16,
        "web": "",
        "dir": "Calle 71 # 11-130",
        "tel": ""
    },{
        "sede": "Villa Gorgona",
        "cod":  "409",
        "ciudad": "Cali, Valle,",
        "region": "Valle",
        "latlng": { 
            "lat": 3.447334,                                
            "lng": -76.531260
        }, 
        "zoom": 16,
        "web": "",
        "dir": "Carrera 10 # 11-61",
        "tel": "(2) 260 7187"
    },{
        "sede": "El Retiro",
        "cod":  "416",
        "ciudad": "Cali, Valle,",
        "region": "Valle",
        "latlng": { 
            "lat": 3.409595,                                
            "lng": -76.499466
        }, 
        "zoom": 16,
        "web": "",
        "dir": "Calle 39 # 51-72",
        "tel": ""
    },{
        "sede": "El Carmelo",
        "cod":  "419",
        "ciudad": "Cali, Valle,",
        "region": "Valle",
        "latlng": { 
            "lat": 3.400519,                                 
            "lng": -76.383415
        }, 
        "zoom": 16,
        "web": "",
        "dir": "Calle 16 No. 13-70 B. Candelaría",
        "tel": ""
    },{
        "sede": "Alirio Mora",
        "cod":  "418",
        "ciudad": "Cali, Valle,",
        "region": "Valle",
        "latlng": { 
            "lat": 3.438174,                                 
            "lng": -76.480281
        }, 
        "zoom": 16,
        "web": "",
        "dir": "Carrera 26B # 74-41",
        "tel": "(2) 423 4279"
    },{
        "sede": "Principal",
        "cod":  "420",
        "ciudad": "Jamundí, Valle,",
        "region": "Valle",
        "latlng": { 
            "lat": 3.259912,                                 
            "lng": -76.543392
        }, 
        "zoom": 16,
        "web": "",
        "dir": "Carrera 11 # 6-73 Piso 2",
        "tel": ""
    },{
        "sede": "La Esperanza",
        "cod":  "433",
        "ciudad": "Buenaventura, Valle,",
        "region": "Valle",
        "latlng": { 
            "lat": 3.875493,                                 
            "lng": -77.061281
        }, 
        "zoom": 16,
        "web": "",
        "dir": "Carrera 21 # 5-120 B. Pascual de Andagoya",
        "tel": ""
    },{
        "sede": "El Jorge",
        "cod":  "412",
        "ciudad": "Buenaventura, Valle,",
        "region": "Valle",
        "latlng": { 
            "lat": 3.882733,                                 
            "lng": -77.063810
        }, 
        "zoom": 16,
        "web": "",
        "dir": "Calle 5 # 19-24 B. El Jorge",
        "tel": "(2) 242 6337"
    },{
        "sede": "Bellavista",
        "cod":  "411",
        "ciudad": "Buenaventura, Valle,",
        "region": "Valle",
        "latlng": { 
            "lat": 3.879347,                                 
            "lng": -77.022084
        }, 
        "zoom": 16,
        "web": "",
        "dir": "Carrera 46 # 1A-13",
        "tel": ""
    },{
        "sede": "Zabaletas",
        "cod":  "417",
        "ciudad": "Buenaventura, Valle,",
        "region": "Valle",
        "latlng": { 
            "lat": 3.742962,                                 
            "lng": -76.965110
        }, 
        "zoom": 16,
        "web": "",
        "dir": "Corregimiento No. 8",
        "tel": ""
    },{
        "sede": "Santa Cruz",
        "cod":  "410",
        "ciudad": "Buenaventura, Valle,",
        "region": "Valle",
        "latlng": { 
            "lat": 3.885175,                                
            "lng": -77.050220 
        }, 
        "zoom": 16,
        "web": "",
        "dir": "Carrera 23 # 7-35",
        "tel": "(2) 243 0926 – 9621"
    },{
        "sede": "Juanchaco",
        "cod":  "421",
        "ciudad": "Buenaventura, Valle,",
        "region": "Valle",
        "latlng": { 
            "lat": 3.919687,                                 
            "lng": -77.359693
        }, 
        "zoom": 16,
        "web": "",
        "dir": "Juanchaco Parte Alta",
        "tel": ""
    },{
        "sede": "Nueva Vida",
        "cod":  "426",
        "ciudad": "Cali, Valle,",
        "region": "Valle",
        "latlng": { 
            "lat": 3.392206,                                 
            "lng": -76.558986
        }, 
        "zoom": 16,
        "web": "",
        "dir": "Carrera 71 # 3C-72 B. Buenos Aires ",
        "tel": ""
    },{
        "sede": "Principal",
        "cod":  "414",
        "ciudad": "El Charco, Nariño,",
        "region": "Pacifico",
        "latlng": { 
            "lat": 2.478490,                                 
            "lng": -78.112398
        }, 
        "zoom": 16,
        "web": "",
        "dir": "Calle 11 # 13-03 B. San José",
        "tel": ""
    },{
        "sede": "Principal",
        "cod":  "415",
        "ciudad": "Bocas de Satinga, Olaya Herrera, Nariño",
        "region": "Pacifico",
        "latlng": { 
            "lat": 2.347028,                                 
            "lng": -78.367144
        }, 
        "zoom": 16,
        "web": "",
        "dir": "Barrio Polideportivo",
        "tel": ""
    },{
        "sede": "Principal",
        "cod":  "427",
        "ciudad": "Las Marías de Satinga, Olaya Herrera, Nariño",
        "region": "Pacifico",
        "latlng": { 
            "lat": 2.375004,                                 
            "lng": -78.266667
        }, 
        "zoom": 16,
        "web": "",
        "dir": "Vereda Las Marías de Satinga",
        "tel": ""
    },{
        "sede": "Principal",
        "cod":  "429",
        "ciudad": "Guapi, Cauca",
        "region": "Pacifico",
        "latlng": { 
            "lat": 2.566446,                                 
            "lng": -77.883095
        }, 
        "zoom": 16,
        "web": "B. La Paz",
        "dir": "",
        "tel": ""
    },{
        "sede": "Principal",
        "cod":  "430",
        "ciudad": "La Tola, Nariño",
        "region": "Pacifico",
        "latlng": { 
            "lat": 2.399912,                                 
            "lng": -78.190792
        }, 
        "zoom": 16,
        "web": "",
        "dir": "B. Anon Soledad",
        "tel": ""
    },{
        "sede": "Principal",
        "cod":  "431",
        "ciudad": "Santa Rita, Santa Barbara Iscuande Nariño",
        "region": "Pacifico",
        "latlng": { 
            "lat": 2.100108,                                 
            "lng": -77.799983
        }, 
        "zoom": 16,
        "web": "",
        "dir": "",
        "tel": "(8) 520 2873"
    },{
        "sede": "Principal",
        "cod":  "431",
        "ciudad": "Santa Barbara Iscuande, Nariño",
        "region": "Pacifico",
        "latlng": { 
            "lat": 2.449567,                                 
            "lng": -77.980130
        }, 
        "zoom": 16,
        "web": "",
        "dir": "B. Los Ángeles",
        "tel": ""
    },{
        "sede": "Principal",
        "cod":  "428",
        "ciudad": "Mosquera, Nariño",
        "region": "Pacifico",
        "latlng": { 
            "lat": 2.508283,                                 
            "lng": -78.451234
        }, 
        "zoom": 16,
        "web": "",
        "dir": "B. Las Flores",
        "tel": ""
    },{
        "sede": "Principal",
        "cod":  "413",
        "ciudad": "San José, El Charcho, Nariño",
        "region": "Pacifico",
        "latlng": { 
            "lat": 2.476026,                                
            "lng": -78.122207
        }, 
        "zoom": 16,
        "web": "",
        "dir": "Vereda San José",
        "tel": ""
    },{
        "sede": "Encuentro de Vida",
        "cod":  "422",
        "ciudad": "Cali, Valle",
        "region": "Valle",
        "latlng": { 
            "lat": 3.396218,                                 
            "lng": -76.543745
        }, 
        "zoom": 16,
        "web": "",
        "dir": "Autopista Sur # 67-31 B. Limonar",
        "tel": ""
    },{
        "sede": "Ríos de Agua Viva",
        "cod":  "423",
        "ciudad": "Buenaventura, Valle",
        "region": "Valle",
        "latlng": { 
            "lat": 3.887687,                                 
            "lng": -77.075593
        }, 
        "zoom": 16,
        "web": "",
        "dir": "Calle 4 # 5B-39 B. El Naranjito",
        "tel": ""
    },{
        "sede": "Central",
        "cod":  "501",
        "ciudad": "Popayán, Cauca",
        "region": "Sur",
        "latlng": { 
            "lat": 2.442002,                                 
            "lng": -76.611474
        }, 
        "zoom": 16,
        "web": "",
        "dir": "Carrera 11 # 6-20 B. Valencia",
        "tel": "(02) 820 7914"
    },{
        "sede": "Principal",
        "cod":  "502",
        "ciudad": "Bajo Palace, Cauca",
        "region": "Sur",
        "latlng": { 
            "lat": 2.516358,                                 
            "lng": -76.528381
        }, 
        "zoom": 16,
        "web": "",
        "dir": "",
        "tel": ""
    },{
        "sede": "Bello Horizonte",
        "cod":  "503",
        "ciudad": "Popayán, Cauca",
        "region": "Sur",
        "latlng": { 
            "lat": 2.486650,                                 
            "lng": -76.566228
        }, 
        "zoom": 16,
        "web": "",
        "dir": "Calle 69 # 15N-30 B. Bello Horizonte",
        "tel": ""
    },{
        "sede": "Las Palmas",
        "cod":  "504",
        "ciudad": "Popayán, Cauca",
        "region": "Sur",
        "latlng": { 
            "lat": 2.461181,                                 
            "lng": -76.584088
        }, 
        "zoom": 16,
        "web": "",
        "dir": "Carrera 6 # 37C-20 B. Las Palmas",
        "tel": ""
    },{
        "sede": "Principal",
        "cod":  "505",
        "ciudad": "Timbio, Cauca",
        "region": "Sur",
        "latlng": { 
            "lat": 2.344208,                                 
            "lng": -76.675446
        }, 
        "zoom": 16,
        "web": "",
        "dir": "Calle 5 # 12-64 B. Belén",
        "tel": ""
    },{
        "sede": "Principal",
        "cod":  "506",
        "ciudad": "Tambo, Cauca",
        "region": "Sur",
        "latlng": { 
            "lat": 2.452999,                                 
            "lng": -76.812124
        }, 
        "zoom": 16,
        "web": "",
        "dir": "Calle 5 # 9-42 B. Obrero",
        "tel": ""
    },{
        "sede": "Principal",
        "cod":  "507",
        "ciudad": "El Mango, Cauca",
        "region": "Sur",
        "latlng": { 
            "lat": 2.344272,                                 
            "lng": -77.230346
        }, 
        "zoom": 16,
        "web": "",
        "dir": "Corregimiento El Mango",
        "tel": ""
    },{
        "sede": "Principal",
        "cod":  "508",
        "ciudad": "El Plateado, Cauca",
        "region": "Sur",
        "latlng": { 
            "lat": 2.465273,                                 
            "lng": -77.234938
        }, 
        "zoom": 16,
        "web": "",
        "dir": "Corregimiento El Plateado",
        "tel": ""
    },{
        "sede": "Principal",
        "cod":  "509",
        "ciudad": "Santander de Quilichao, Cauca",
        "region": "Sur",
        "latlng": { 
            "lat": 3.012006,                                 
            "lng": -76.485287
        }, 
        "zoom": 16,
        "web": "",
        "dir": "Carrera 12 # 7-11 B.Centenario",
        "tel": ""
    },{
        "sede": "Principal",
        "cod":  "510",
        "ciudad": "Mandiva, Cauca",
        "region": "Sur",
        "latlng": { 
            "lat": 2.955663,                                 
            "lng": -76.525033
        }, 
        "zoom": 16,
        "web": "",
        "dir": "Vereda Mandiva Vía Panamericana",
        "tel": ""
    },{
        "sede": "Principal",
        "cod":  "511",
        "ciudad": "San Antonio, Cauca",
        "region": "Sur",
        "latlng": { 
            "lat": 2.557764,                                 
            "lng": -76.660809
        }, 
        "zoom": 16,
        "web": "",
        "dir": "Vereda San Antonio",
        "tel": ""
    },{
        "sede": "Principal",
        "cod":  "512",
        "ciudad": "Usenda, Cauca",
        "region": "Sur",
        "latlng": { 
            "lat": 2.616974,                                 
            "lng": -76.415845
        }, 
        "zoom": 16,
        "web": "",
        "dir": "Corregimiento Usenda",
        "tel": ""
    },{
        "sede": "Principal",
        "cod":  "513",
        "ciudad": "Piendamó, Cauca",
        "region": "Sur",
        "latlng": { 
            "lat": 2.637921,                                
            "lng": -76.529872
        }, 
        "zoom": 16,
        "web": "",
        "dir": "Carrera 4 # 6-81 B. La Inmaculada",
        "tel": "(2) 825 0635"
    },{
        "sede": "Principal",
        "cod":  "514",
        "ciudad": "El Carmelo, Cajibio, Cauca",
        "region": "Sur",
        "latlng": { 
            "lat": 1.750072,                                 
            "lng": -76.567554
        }, 
        "zoom": 16,
        "web": "",
        "dir": "Corregimiento El Carmelo",
        "tel": ""
    },{
        "sede": "Principal",
        "cod":  "515",
        "ciudad": "Casas Bajas, Cajibio, Cauca",
        "region": "Sur",
        "latlng": { 
            "lat": 2.637023,                                 
            "lng": -76.716690
        }, 
        "zoom": 16,
        "web": "",
        "dir": "Vereda Casas Bajas",
        "tel": ""
    },{
        "sede": "Principal",
        "cod":  "516",
        "ciudad": "Carrizal, Cajibio, Cauca",
        "region": "Sur",
        "latlng": { 
            "lat": 2.602900,                                 
            "lng": -76.656353
        }, 
        "zoom": 16,
        "web": "",
        "dir": "Parcelación Carrizal",
        "tel": ""
    },{
        "sede": "Principal",
        "cod":  "517",
        "ciudad": "Morales, Cauca",
        "region": "Sur",
        "latlng": { 
            "lat": 2.751412,                                 
            "lng": -76.627945
        }, 
        "zoom": 16,
        "web": "",
        "dir": "Carrera 2 # 1-180 B. Modelo",
        "tel": ""
    },{
        "sede": "Principal",
        "cod":  "518",
        "ciudad": "Vilachi, Santander de Quilichao, Cauca",
        "region": "Sur",
        "latlng": { 
            "lat": 2.788221,                                 
            "lng": -76.461830
        }, 
        "zoom": 16,
        "web": "",
        "dir": "Vereda Vilachi",
        "tel": ""
    },{
        "sede": "Principal",
        "cod":  "519",
        "ciudad": "Ciénaga Honda, Caloto, Cauca",
        "region": "Sur",
        "latlng": { 
            "lat": 3.051698,                                 
            "lng": -76.587231
        }, 
        "zoom": 16,
        "web": "",
        "dir": "Vereda Ciénaga Honda",
        "tel": ""
    },{
        "sede": "Principal",
        "cod":  "520",
        "ciudad": "El Bordo, Cauca",
        "region": "Sur",
        "latlng": { 
            "lat": 2.112179,                                 
            "lng": -76.984291
        }, 
        "zoom": 16,
        "web": "",
        "dir": "Carre 3",
        "tel": ""
    },{
        "sede": "Principal",
        "cod":  "521",
        "ciudad": "La Pedregosa, Cajibio, Cauca",
        "region": "Sur",
        "latlng": { 
            "lat": 2.666653,                                 
            "lng": -76.633354
        }, 
        "zoom": 16,
        "web": "",
        "dir": "Corregimiento La Pedregosa",
        "tel": ""
    },{
        "sede": "Principal",
        "cod":  "522",
        "ciudad": "La Arboleda, Santander de Quilichao, Cauca",
        "region": "Sur",
        "latlng": { 
            "lat": 1.366830,                                 
            "lng": -77.416657
        }, 
        "zoom": 16,
        "web": "",
        "dir": "Vereda La Arboleda",
        "tel": ""
    },{
        "sede": "Principal",
        "cod":  "523",
        "ciudad": "La Argelia, Cauca",
        "region": "Sur",
        "latlng": { 
            "lat": 2.254660,                                 
            "lng": -77.247774
        }, 
        "zoom": 16,
        "web": "",
        "dir": "Calle 2 # 2-32 B. La Gloria",
        "tel": ""
    },{
        "sede": "Principal",
        "cod":  "524",
        "ciudad": "Santa Lucía, Santander de Quilichao, Cauca",
        "region": "Sur",
        "latlng": { 
            "lat": 2.988987,                                 
            "lng": -76.511620
        }, 
        "zoom": 16,
        "web": "",
        "dir": "Vereda Santa Lucía",
        "tel": ""
    },{
        "sede": "Principal",
        "cod":  "525",
        "ciudad": "Silvia, Cauca",
        "region": "Sur",
        "latlng": { 
            "lat": 2.612172,                                 
            "lng": -76.378060
        }, 
        "zoom": 16,
        "web": "",
        "dir": "Carrera 3 # 11-73 B. San Agustín",
        "tel": ""
    },{
        "sede": "Principal",
        "cod":  "526",
        "ciudad": "Pasto, Nariño",
        "region": "Sur",
        "latlng": { 
            "lat": 1.201692,                                 
            "lng": -77.271138
        }, 
        "zoom": 16,
        "web": "",
        "dir": "Carrera 10 # 18-30 B. Avenida Idema Esquina",
        "tel": ""
    },{
        "sede": "Principal",
        "cod":  "527",
        "ciudad": "Ipiales, Nariño",
        "region": "Sur",
        "latlng": { 
            "lat": 0.826921,                                 
            "lng": -77.636421
        }, 
        "zoom": 16,
        "web": "",
        "dir": "Carrera 3 - Calle 12 Esquina B. La Libertad",
        "tel": ""
    },{
        "sede": "Principal",
        "cod":  "528",
        "ciudad": "La Unión, Nariño",
        "region": "Sur",
        "latlng": { 
            "lat": 0.874707,                                 
            "lng": -77.809981
        }, 
        "zoom": 16,
        "web": "",
        "dir": "Carrera 2 # 18-38 B. Eduardo Santos",
        "tel": ""
    },{
        "sede": "Principal",
        "cod":  "529",
        "ciudad": "Tumaco, Nariño",
        "region": "Sur",
        "latlng": { 
            "lat": 1.804806,                                 
            "lng": -78.766475
        }, 
        "zoom": 16,
        "web": "",
        "dir": "Carrera 10 # 10-28 B. Calle Caldas",
        "tel": ""
    },{
        "sede": "Principal",
        "cod":  "530",
        "ciudad": "Las Guacas, Tambo, Cauca",
        "region": "Sur",
        "latlng": { 
            "lat": 2.581596,                                 
            "lng": -76.863913
        }, 
        "zoom": 16,
        "web": "",
        "dir": "Vereda Las Guacas",
        "tel": ""
    },{
        "sede": "Principal",
        "cod":  "531",
        "ciudad": "La Independencia, Tambo, Cauca",
        "region": "Sur",
        "latlng": { 
            "lat": 2.456594,                                 
            "lng": -76.807590
        }, 
        "zoom": 16,
        "web": "",
        "dir": "Vereda La Independencia",
        "tel": ""
    },{
        "sede": "Principal",
        "cod":  "532",
        "ciudad": "Granada, Tambo, Cauca",
        "region": "Sur",
        "latlng": { 
            "lat": 2.466772,                                 
            "lng": -76.811652
        }, 
        "zoom": 16,
        "web": "",
        "dir": "Vereda Granada",
        "tel": ""
    },{
        "sede": "Principal",
        "cod":  "533",
        "ciudad": "Pueblo Nuevo, Tambo, Cauca",
        "region": "Sur",
        "latlng": { 
            "lat": 2.453814,                                 
            "lng": -76.801300
        }, 
        "zoom": 16,
        "web": "",
        "dir": "Vereda Pueblo Nuevo",
        "tel": ""
    },{
        "sede": "Principal",
        "cod":  "534",
        "ciudad": "La Calera, Tambo, Cauca",
        "region": "Sur",
        "latlng": { 
            "lat": 2.748868,                                  
            "lng": -76.399646
        }, 
        "zoom": 16,
        "web": "",
        "dir": "Vereda La Calera",
        "tel": ""
    },{
        "sede": "Principal",
        "cod":  "535",
        "ciudad": "Los Andes, Tambo, Cauca",
        "region": "Sur",
        "latlng": { 
            "lat": 2.458702,                                 
            "lng": -76.806664
        }, 
        "zoom": 16,
        "web": "",
        "dir": "Vereda Los Andes",
        "tel": ""
    },{
        "sede": "Principal",
        "cod":  "536",
        "ciudad": "El Diviso, Piendamó, Cauca",
        "region": "Sur",
        "latlng": { 
            "lat": 2.830547,                                   
            "lng": -76.471634
        }, 
        "zoom": 16,
        "web": "",
        "dir": "Vereda El Diviso",
        "tel": ""
    },{
        "sede": "Principal",
        "cod":  "537",
        "ciudad": "Uvales, Piendamó, Cauca",
        "region": "Sur",
        "latlng": { 
            "lat": 2.742570,                                
            "lng": -76.577750 
        }, 
        "zoom": 16,
        "web": "",
        "dir": "Vereda Uvales",
        "tel": ""
    },{
        "sede": "Principal",
        "cod":  "538",
        "ciudad": "Pureto, Balboa, Cauca",
        "region": "Sur",
        "latlng": { 
            "lat": 2.046787,                                 
            "lng": -77.293625
        }, 
        "zoom": 16,
        "web": "",
        "dir": "Corregimiento Pureto",
        "tel": ""
    },{
        "sede": "Principal",
        "cod":  "539",
        "ciudad": "Miraflores, Silvia, Cauca",
        "region": "Sur",
        "latlng": { 
            "lat": 3.017632,                                 
            "lng": -76.349748
        }, 
        "zoom": 16,
        "web": "",
        "dir": "Vereda Miraflores",
        "tel": ""
    },{
        "sede": "Principal",
        "cod":  "540",
        "ciudad": "Guayabal, Santander de Quilichao, Cauca",
        "region": "Sur",
        "latlng": { 
            "lat": 2.537714,                                 
            "lng": -76.888386
        }, 
        "zoom": 16,
        "web": "",
        "dir": "Vereda Guayabal",
        "tel": ""
    },{
        "sede": "Principal",
        "cod":  "541",
        "ciudad": "La Planada, Balboa, Cauca",
        "region": "Sur",
        "latlng": { 
            "lat": 2.110689,                                 
            "lng": -77.219167
        }, 
        "zoom": 16,
        "web": "",
        "dir": "Corregimiento La Planada",
        "tel": ""
    },{
        "sede": "Principal",
        "cod":  "542",
        "ciudad": "La Alianza, Tambo, Cauca",
        "region": "Sur",
        "latlng": { 
            "lat": 2.264246,                                 
            "lng": -76.898015
        }, 
        "zoom": 16,
        "web": "",
        "dir": "Corregimiento La Alianza",
        "tel": ""
    },{
        "sede": "Principal",
        "cod":  "543",
        "ciudad": "Zarzal, Patia, Cauca",
        "region": "Sur",
        "latlng": { 
            "lat": 2.373500,                                
            "lng": -77.092361 
        }, 
        "zoom": 16,
        "web": "",
        "dir": "Vereda Zarzal",
        "tel": ""
    },{
        "sede": "Principal",
        "cod":  "544",
        "ciudad": "Filipinas, Caldono, Cauca",
        "region": "Sur",
        "latlng": { 
            "lat": 2.844691,                                
            "lng": -76.430693 
        }, 
        "zoom": 16,
        "web": "",
        "dir": "Vereda Filipinas",
        "tel": ""
    },{
        "sede": "Principal",
        "cod":  "545",
        "ciudad": "Balboa, Cauca",
        "region": "Sur",
        "latlng": { 
            "lat": 2.038599,                                  
            "lng": -77.217881
        }, 
        "zoom": 16,
        "web": "",
        "dir": "Calle 1 Sur # 4-18 B. La Libertad",
        "tel": ""
    },{
        "sede": "Principal",
        "cod":  "546",
        "ciudad": "Altamira, La Vega, Cauca",
        "region": "Sur",
        "latlng": { 
            "lat": 2.976202,                                 
            "lng": -76.796462
        }, 
        "zoom": 16,
        "web": "",
        "dir": "Corregimiento Altamira",
        "tel": ""
    },{
        "sede": "Principal",
        "cod":  "547",
        "ciudad": "El Estrecho, Patia, Cauca",
        "region": "Sur",
        "latlng": { 
            "lat": 1.959036,                                 
            "lng": -77.121277
        }, 
        "zoom": 16,
        "web": "",
        "dir": "Corregimiento El Estrecho",
        "tel": ""
    },{
        "sede": "Principal",
        "cod":  "548",
        "ciudad": "Corinto, Cauca",
        "region": "Sur",
        "latlng": { 
            "lat": 3.174705,                                 
            "lng": -76.258474
        }, 
        "zoom": 16,
        "web": "",
        "dir": "Calle 4 # 11-30 B. Colombia",
        "tel": ""
    },{
        "sede": "Principal",
        "cod":  "549",
        "ciudad": "Paez, Santander de Quilichao, Cauca",
        "region": "Sur",
        "latlng": { 
            "lat": 2.891318,                                 
            "lng": -76.487460
        }, 
        "zoom": 16,
        "web": "",
        "dir": "Vereda Paez",
        "tel": ""
    },{
        "sede": "Principal",
        "cod":  "550",
        "ciudad": "Inza, Cauca",
        "region": "Sur",
        "latlng": { 
            "lat": 2.547769,                                 
            "lng": -76.066301
        }, 
        "zoom": 16,
        "web": "",
        "dir": "Calle 3 # 4-52",
        "tel": ""
    },{
        "sede": "Principal",
        "cod":  "551",
        "ciudad": "El Hoyo, Tambo, Cauca",
        "region": "Sur",
        "latlng": { 
            "lat": 2.203888,                                 
            "lng": -77.006903
        }, 
        "zoom": 16,
        "web": "",
        "dir": "Corregimiento El Hoyo",
        "tel": ""
    },{
        "sede": "Principal",
        "cod":  "552",
        "ciudad": "La Vega, Cauca",
        "region": "Sur",
        "latlng": { 
            "lat": 2.083319,                                
            "lng": -76.774814
        }, 
        "zoom": 16,
        "web": "",
        "dir": "Calle 2 # 2-29 B. Santa María",
        "tel": ""
    },{
        "sede": "Principal",
        "cod":  "554",
        "ciudad": "Limoncito, Tambo, Cauca",
        "region": "Sur",
        "latlng": { 
            "lat": 2.521053,                                 
            "lng": -76.917126
        }, 
        "zoom": 16,
        "web": "",
        "dir": "Vereda Limoncito",
        "tel": ""
    },{
        "sede": "Principal",
        "cod":  "556",
        "ciudad": "Olivares, Suarez, Cauca",
        "region": "Sur",
        "latlng": { 
            "lat": 2.963962,                                 
            "lng": -76.709924
        }, 
        "zoom": 16,
        "web": "",
        "dir": "Vereda Olivares",
        "tel": ""
    },{
        "sede": "Principal",
        "cod":  "557",
        "ciudad": "Bellavista, Suarez, Cauca",
        "region": "Sur",
        "latlng": { 
            "lat": 2.981791,                                 
            "lng": -76.785455
        }, 
        "zoom": 16,
        "web": "",
        "dir": "Vereda Bellavista",
        "tel": ""
    },{
        "sede": "Principal",
        "cod":  "558",
        "ciudad": "Altorico, Morales, Cauca",
        "region": "Sur",
        "latlng": { 
            "lat": 2.763240,                                 
            "lng": -76.637699
        }, 
        "zoom": 16,
        "web": "",
        "dir": "Vereda Altorico",
        "tel": ""
    },{
        "sede": "Principal",
        "cod":  "559",
        "ciudad": "Vista Hermosa, Suarez, Cauca",
        "region": "Sur",
        "latlng": { 
            "lat": 3.013836,                                 
            "lng": -76.703335
        }, 
        "zoom": 16,
        "web": "",
        "dir": "Vereda Vista Hermosa",
        "tel": ""
    },{
        "sede": "Principal",
        "cod":  "560",
        "ciudad": "San Rafael, Santander de Quilichao, Cauca",
        "region": "Sur",
        "latlng": { 
            "lat": 3.063534,                                 
            "lng": -76.463134
        }, 
        "zoom": 16,
        "web": "",
        "dir": "Vereda San Rafael",
        "tel": ""
    },{
        "sede": "Principal",
        "cod":  "584",
        "ciudad": "Belén-Honduras, Morales, Cauca",
        "region": "Sur",
        "latlng": { 
            "lat": 2.799438,                                 
            "lng": -76.775081
        }, 
        "zoom": 16,
        "web": "",
        "dir": "Vereda Belén-Honduras",
        "tel": ""
    },{
        "sede": "San Marcos",
        "cod":  "425",
        "ciudad": "Buenaventura, Valle",
        "region": "Valle",
        "latlng": { 
            "lat": 3.706487,                                
            "lng": -76.958903
        }, 
        "zoom": 16,
        "web": "",
        "dir": "Corregimiento #8 Vereda San Marcos",
        "tel": ""
    },{
        "sede": "Manuela Beltrán",
        "cod":  "426",
        "ciudad": "Cali, Valle",
        "region": "Valle",
        "latlng": { 
            "lat": 3.422177,                                 
            "lng": -76.471053
        }, 
        "zoom": 16,
        "web": "",
        "dir": "Calle 112 # 26I-91",
        "tel": ""
    },{
        "sede": "Principal",
        "cod":  "434",
        "ciudad": "Palmira, Valle",
        "region": "Valle",
        "latlng": { 
            "lat": 3.524616,                                  
            "lng": -76.288638
        }, 
        "zoom": 16,
        "web": "",
        "dir": "Calle 29 No. 15-71",
        "tel": ""
    },{
        "sede": "Nueva Vida",
        "cod":  "435",
        "ciudad": "Buenaventura, Valle",
        "region": "Valle",
        "latlng": { 
            "lat": 3.872380,                                   
            "lng": -76.993290
        }, 
        "zoom": 16,
        "web": "",
        "dir": "Carrera 68 # 68-81 B. El Cambio ",
        "tel": ""
    }
]
